<?xml version="1.0" encoding="utf-8" ?>
<odoo noupdate="1">
    <record model="res.groups" id="blanket_orders_disable_adding_lines">
        <field name="name">Disable adding more lines to SOs from Blanket Orders</field>
    </record>
    <!-- Multi - Company Rules -->
    <record model="ir.rule" id="blanket_order_comp_rule">
        <field name="name">Blanket Order multi-company</field>
        <field name="model_id" ref="model_sale_blanket_order" />
        <field name="global" eval="True" />
        <field
            name="domain_force"
        >['|',('company_id','=',False),('company_id','child_of',[user.company_id.id])]</field>
    </record>
    <record model="ir.rule" id="blanket_order_line_comp_rule">
        <field name="name">Blanket Order Line multi-company</field>
        <field name="model_id" ref="model_sale_blanket_order_line" />
        <field name="global" eval="True" />
        <field
            name="domain_force"
        >['|',('company_id','=',False),('company_id','child_of',[user.company_id.id])]</field>
    </record>

    <record id="category_blanket_orders" model="ir.module.category" >
        <field name="name">Blanket Orders</field>
    </record>

    <record id="group_executive_manger_approve_blanket" model="res.groups">
        <field name="name">Executive Manger Approve Blanket</field>
        <field name="category_id" ref="category_blanket_orders"/>
    </record>
    
    <record id="group_send_quotation_by_email" model="res.groups">
        <field name="name">Send Quotation By Email</field>
        <field name="category_id" ref="category_blanket_orders"/>
    </record>

    <record id="group_confirm_order" model="res.groups">
        <field name="name">Confirm Order</field>
        <field name="category_id" ref="category_blanket_orders"/>
    </record>

</odoo>
