<?xml version="1.0" encoding="utf-8"?>
<odoo>
    <data>


        <record id="filter_sales_person" model="ir.rule">
            <field name="name">Filter Salesperson</field>
            <field name="model_id" search="[('model','=','res.partner')]" model="ir.model"/>
            <field name="domain_force">['|',('user_id','=',user.id),('user_id','=',False)]</field>
            <field name="perm_read" eval="True"/>
            <field name="perm_write" eval="True"/>
            <field name="perm_create" eval="True"/>
            <field name="perm_unlink" eval="False"/>
        </record>
<record id="filter_sale_person" model="ir.rule">
            <field name="name">Filter Salesperson sale</field>
            <field name="model_id" search="[('model','=','sale.order')]" model="ir.model"/>
            <field name="domain_force">['|','|',('user_id','=',user.id),('user_id','=',False),('partner_id.user_id','=',user.partner_id.id)]</field>
            <field name="perm_read" eval="True"/>
            <field name="perm_write" eval="True"/>
            <field name="perm_create" eval="True"/>
            <field name="perm_unlink" eval="True"/>
        </record>

    </data>
</odoo>