<?xml version="1.0" encoding="UTF-8" ?>
<templates id="template" xml:space="preserve">
    <t t-name="OrderReceipt" t-inherit="point_of_sale.OrderReceipt" t-inherit-mode="extension" owl="1">
        <xpath expr="//div[hasclass('after-footer')]" position="inside">
            <t t-if="receipt.seller">
                <br/>
                <div class="quotation">
                    <div>
                        Seller
                        <span class="pos-receipt-right-align"><t t-esc="receipt.seller"/></span>
                    </div>
                </div>
            </t>
            <t t-if="receipt.quotation">
                <br/>
                <div class="related-quotation">
                    <div>
                        Customer
                        <span class="pos-receipt-right-align"><t t-esc="receipt.quotation.customer"/></span>
                    </div>
                    <div>
                        Related Quotation
                        <span class="pos-receipt-right-align"><t t-esc="receipt.quotation.name"/></span>
                    </div>
                </div>
            </t>
        </xpath>
    </t>

</templates>