<data>
    <record id="email_template_blanket_sale" model="mail.template">
        <field name="name">Blanket Sales Order: Send by email</field>
        <field name="model_id" ref="sale_blanket_order.model_sale_blanket_order"/>
        <field name="subject">${object.company_id.name} ${'Order'} (Ref ${object.name or 'n/a' })</field>
        <field name="email_from">${(object.user_id.email_formatted or user.email_formatted) | safe}</field>
        <field name="partner_to">${object.partner_id.id}</field>
        <field name="body_html" type="html">
            <div style="margin: 0px; padding: 0px;">
                <p style="margin: 0px; padding: 0px; font-size: 13px;">
                    Hello,
                    <br/><br/>
                    Your order <strong>${object.name}</strong> amounting in <strong>${format_amount(object.amount_total, object.currency_id)}</strong>is ready for review.
                    <br/><br/>
                    Do not hesitate to contact us if you have any questions.
                    <br/><br/>
                </p>
            </div>
        </field>
        <field name="report_template" ref="sale_blanket_order.report_blanket_order"/>
        <field name="report_name">${(object.name or '').replace('/','_')}</field>
        <field name="lang">${object.partner_id.lang}</field>
        <field name="auto_delete" eval="True"/>
    </record>
</data>